patient_id,end_date,practice_nuts1_region_name,practice_pseudo_id,practice_stp,start_date
1,,London,681,E54000002,1932-06-01
2,,North East,566,E54000027,1927-12-01
3,,South West,196,E54000040,1960-10-01
4,,North West,701,E54000054,1915-08-01
5,,Yorkshire and The Humber,799,E54000068,2017-06-01
6,,South East,299,E54000063,1935-08-01
7,,West Midlands,546,E54000037,1980-05-01
8,,West Midlands,16,E54000029,1924-12-01
9,,Yorkshire and The Humber,769,E54000037,1964-07-01
10,,East,895,E54000064,1963-12-01
11,,West Midlands,573,E54000076,1971-12-01
12,,,768,E54000030,1921-03-01
13,,West Midlands,511,E54000042,1911-07-01
14,,,495,E54000066,1978-05-01
15,,London,404,E54000087,1929-02-01
16,,,10,E54000080,2010-01-01
17,,West Midlands,891,E54000013,1930-11-01
18,,North West,483,E54000063,1906-06-01
19,,West Midlands,243,E54000041,1974-03-01
20,,,218,E54000019,1904-01-01
21,,East,648,E54000098,1990-05-01
22,,North West,441,E54000082,1921-08-01
23,,East Midlands,400,E54000082,1964-06-01
24,,,992,E54000073,1944-09-01
25,,,561,E54000054,2009-03-01
26,,,84,E54000002,1951-11-01
27,,East Midlands,153,E54000072,1912-10-01
28,,,68,E54000088,1968-02-01
29,,,619,E54000008,2014-08-01
30,,East Midlands,48,E54000097,1963-12-01
31,,,640,E54000025,1964-03-01
32,,East,893,E54000031,1990-10-01
33,,,86,E54000065,1907-03-01
34,,,580,E54000001,1951-04-01
35,,East,185,E54000096,1995-01-01
36,,North West,647,E54000073,2017-11-01
37,,,566,E54000097,1913-02-01
38,,,804,E54000074,1953-04-01
39,,North West,74,E54000098,1987-04-01
40,,South West,551,E54000000,1969-09-01
41,,West Midlands,148,E54000082,1973-03-01
42,,West Midlands,780,E54000081,1941-12-01
43,,North East,103,E54000052,2000-03-01
44,,London,378,E54000048,1911-10-01
45,,Yorkshire and The Humber,432,E54000057,1904-06-01
46,,,476,E54000041,1999-10-01
47,,,394,E54000055,1976-06-01
48,,,383,E54000033,2014-02-01
49,,South West,230,E54000044,1999-03-01
50,,South East,895,E54000074,1999-10-01
51,,North East,859,E54000026,1991-08-01
52,,South West,790,E54000013,1965-10-01
53,,South West,115,E54000066,1908-02-01
54,,London,548,E54000083,1944-02-01
55,,North East,430,E54000042,1947-02-01
56,,London,350,E54000044,1957-04-01
57,,North West,588,E54000051,1946-11-01
58,,,339,E54000088,1960-07-01
59,,,822,E54000075,2007-01-01
60,,South West,54,E54000001,1921-05-01
61,,,993,E54000002,2015-01-01
62,,Yorkshire and The Humber,385,E54000047,1990-02-01
63,,,178,E54000007,1998-06-01
64,,London,20,E54000053,1994-12-01
65,,North East,702,E54000010,1923-10-01
66,,London,601,E54000080,1944-02-01
67,,North East,348,E54000033,2014-02-01
68,,East,382,E54000059,2004-08-01
69,,North West,832,E54000010,1995-03-01
70,,Yorkshire and The Humber,993,E54000017,1938-05-01
71,,Yorkshire and The Humber,837,E54000074,1978-11-01
72,,South East,424,E54000058,1927-07-01
73,,East,312,E54000079,1977-06-01
74,,London,504,E54000051,1984-03-01
75,,London,520,E54000034,2002-05-01
76,,East,536,E54000059,1927-06-01
77,,West Midlands,782,E54000061,1960-11-01
78,,London,726,E54000077,2017-10-01
79,,South West,588,E54000033,2021-06-01
80,,,334,E54000043,1967-03-01
81,,East,107,E54000073,1973-09-01
82,,South West,131,E54000061,1976-01-01
83,,West Midlands,501,E54000013,2007-10-01
84,,East Midlands,734,E54000021,1996-07-01
85,,Yorkshire and The Humber,287,E54000024,1918-12-01
86,,South West,990,E54000031,2007-07-01
87,,South West,419,E54000091,1995-03-01
88,,West Midlands,954,E54000065,1949-11-01
89,,North East,506,E54000075,1981-07-01
90,,East,661,E54000020,2005-07-01
91,,Yorkshire and The Humber,518,E54000057,1924-01-01
92,,North East,947,E54000069,2002-10-01
93,,East Midlands,323,E54000002,1941-07-01
94,,West Midlands,702,E54000073,1999-08-01
95,,North East,93,E54000047,1995-06-01
96,,London,717,E54000096,2000-04-01
97,,London,532,E54000051,1971-08-01
98,,North West,535,E54000082,2008-01-01
99,,Yorkshire and The Humber,249,E54000026,1965-09-01
100,,West Midlands,790,E54000016,1926-09-01
101,,North West,365,E54000087,1982-01-01
102,,North West,443,E54000059,1941-12-01
103,,East,610,E54000089,2013-02-01
104,,West Midlands,802,E54000078,1957-05-01
105,,,592,E54000021,1945-08-01
106,,,198,E54000042,1994-09-01
107,,North East,211,E54000069,2011-05-01
108,,,407,E54000051,1935-11-01
109,,Yorkshire and The Humber,301,E54000038,1990-06-01
110,,London,517,E54000085,1944-04-01
112,,London,688,E54000022,1943-06-01
113,,West Midlands,113,E54000026,1936-02-01
114,,East Midlands,541,E54000082,1918-12-01
115,,,831,E54000010,1904-08-01
116,,South East,869,E54000038,1926-04-01
117,,South West,672,E54000048,1904-10-01
118,,Yorkshire and The Humber,214,E54000033,1972-10-01
119,,London,585,E54000039,1949-03-01
120,,East,993,E54000048,1927-07-01
121,,,293,E54000095,1984-09-01
122,,London,20,E54000073,1933-01-01
123,,East,226,E54000042,1990-05-01
124,,North East,829,E54000074,1935-12-01
125,,London,526,E54000010,2009-07-01
126,,East,611,E54000022,1940-10-01
127,,London,11,E54000042,1998-04-01
128,,Yorkshire and The Humber,582,E54000042,1968-07-01
129,,West Midlands,230,E54000098,2023-07-01
130,,,674,E54000077,2008-11-01
131,,North West,316,E54000035,1911-07-01
132,,North West,886,E54000059,1918-06-01
133,,South West,656,E54000098,2006-11-01
134,,East Midlands,865,E54000075,2006-07-01
135,,Yorkshire and The Humber,982,E54000068,1935-10-01
136,,,822,E54000075,1949-02-01
137,,West Midlands,355,E54000021,1998-10-01
138,,Yorkshire and The Humber,335,E54000096,1934-03-01
139,,,725,E54000025,1951-12-01
140,,South West,247,E54000087,1906-07-01
141,,North West,968,E54000017,1994-02-01
142,,East,523,E54000002,2002-08-01
143,,,207,E54000033,1925-01-01
144,,North East,549,E54000074,1960-09-01
145,,,911,E54000027,1992-01-01
146,,,224,E54000020,1914-05-01
147,,London,921,E54000071,1911-03-01
148,,,455,E54000060,2002-03-01
149,,North West,935,E54000031,1980-08-01
150,,North West,227,E54000075,1928-03-01
151,,,742,E54000074,2010-04-01
152,,East,319,E54000035,2001-08-01
153,,Yorkshire and The Humber,868,E54000014,1908-04-01
154,,West Midlands,204,E54000076,1919-05-01
155,,Yorkshire and The Humber,481,E54000029,1986-01-01
156,,,466,E54000066,1918-11-01
157,,,108,E54000082,1980-03-01
158,,Yorkshire and The Humber,968,E54000044,1996-06-01
159,,West Midlands,450,E54000002,2004-07-01
160,,South East,464,E54000086,1975-03-01
161,,North East,624,E54000007,1911-06-01
162,,North West,354,E54000016,1944-02-01
163,,,800,E54000076,1989-03-01
164,,North East,8,E54000050,1917-01-01
165,,South West,373,E54000032,2003-07-01
166,,Yorkshire and The Humber,38,E54000028,1907-05-01
167,,London,623,E54000076,1926-07-01
168,,South West,501,E54000037,2004-06-01
169,,,144,E54000047,1940-10-01
170,,London,184,E54000007,1977-05-01
171,,,230,E54000007,1999-08-01
172,,,913,E54000017,2003-06-01
173,,,856,E54000059,1938-01-01
174,,East,169,E54000020,2012-04-01
175,,,9,E54000015,1967-03-01
176,,North East,982,E54000083,1963-08-01
177,,,919,E54000030,1999-09-01
178,,,74,E54000007,2008-05-01
179,,North West,532,E54000006,1943-06-01
180,,Yorkshire and The Humber,882,E54000038,1921-03-01
181,,West Midlands,708,E54000064,2021-06-01
182,,East,31,E54000039,1988-04-01
183,,West Midlands,719,E54000028,1957-10-01
184,,North West,948,E54000055,2001-02-01
185,,,561,E54000059,1945-07-01
187,,West Midlands,972,E54000094,1985-12-01
188,,East,160,E54000039,2012-01-01
189,,West Midlands,322,E54000088,1914-08-01
190,,,523,E54000082,1920-04-01
191,,Yorkshire and The Humber,961,E54000052,1959-03-01
192,,Yorkshire and The Humber,507,E54000082,2007-05-01
193,,East,335,E54000067,2012-01-01
194,,Yorkshire and The Humber,130,E54000004,1935-03-01
196,,South West,174,E54000025,1985-02-01
197,,Yorkshire and The Humber,227,E54000056,1939-11-01
198,,South West,793,E54000058,1917-11-01
199,,South West,348,E54000009,1951-02-01
200,,,353,E54000066,1965-11-01
201,,,106,E54000019,1906-11-01
202,,,950,E54000038,1942-05-01
203,,East,612,E54000086,1985-02-01
204,,East,192,E54000087,1949-11-01
205,,West Midlands,804,E54000043,1955-02-01
206,,London,927,E54000084,1954-01-01
207,,South West,501,E54000095,1925-10-01
209,,London,74,E54000074,1979-01-01
210,,,558,E54000049,1955-09-01
211,,North East,122,E54000095,1941-05-01
212,,North East,459,E54000056,1966-11-01
213,,Yorkshire and The Humber,896,E54000079,2016-08-01
214,,London,628,E54000052,1954-12-01
215,,West Midlands,371,E54000063,2015-07-01
216,,Yorkshire and The Humber,816,E54000063,1965-08-01
217,,Yorkshire and The Humber,271,E54000040,2018-05-01
218,,North East,655,E54000002,1983-01-01
219,,West Midlands,48,E54000093,1968-04-01
220,,,278,E54000034,1907-02-01
221,,East,799,E54000089,1988-08-01
223,,,787,E54000009,1956-08-01
224,,North West,458,E54000029,1955-09-01
225,,North East,587,E54000000,1943-07-01
226,,Yorkshire and The Humber,167,E54000026,1915-11-01
227,,Yorkshire and The Humber,755,E54000083,2015-03-01
228,,,675,E54000048,1949-06-01
229,,South East,778,E54000027,1958-02-01
230,,,125,E54000064,1968-07-01
231,,South East,415,E54000043,1933-05-01
232,,,739,E54000072,1970-02-01
233,,South East,928,E54000017,1929-10-01
234,,South West,877,E54000084,1973-09-01
235,,East,360,E54000078,1949-11-01
236,,South East,586,E54000067,1906-08-01
237,,Yorkshire and The Humber,400,E54000020,1968-03-01
239,,South East,267,E54000041,1998-07-01
240,,West Midlands,18,E54000087,1962-06-01
241,,North East,340,E54000049,1907-03-01
242,,North East,531,E54000065,1958-04-01
243,,South East,463,E54000085,1972-01-01
244,,,70,E54000074,1968-10-01
245,,North East,390,E54000021,1999-02-01
246,,Yorkshire and The Humber,605,E54000066,1991-02-01
247,,South West,392,E54000079,1988-05-01
248,,West Midlands,72,E54000079,1992-02-01
249,,North East,683,E54000017,1925-09-01
250,,East,192,E54000089,1974-05-01
251,,,203,E54000038,1918-10-01
253,,South West,506,E54000090,1955-01-01
254,,West Midlands,986,E54000010,1991-04-01
255,,,763,E54000075,1912-06-01
256,,West Midlands,106,E54000067,1943-05-01
257,,North West,62,E54000097,1961-09-01
258,,South West,145,E54000015,1966-03-01
259,,North East,123,E54000080,1986-11-01
260,,Yorkshire and The Humber,524,E54000033,1970-09-01
261,,South East,83,E54000079,1987-04-01
262,,South West,910,E54000061,1940-04-01
263,,East,157,E54000017,1984-09-01
264,,,288,E54000038,2016-08-01
266,,,872,E54000096,1955-04-01
267,,South West,647,E54000006,1943-04-01
268,,West Midlands,148,E54000071,1972-12-01
269,,North West,542,E54000078,2007-11-01
270,,North East,127,E54000046,1964-01-01
271,,West Midlands,492,E54000030,2002-05-01
272,,East,157,E54000078,2009-01-01
273,,London,871,E54000026,2021-02-01
274,,West Midlands,790,E54000056,1941-09-01
275,,East,393,E54000001,1952-06-01
276,,South East,154,E54000039,1962-04-01
277,,London,294,E54000097,1979-04-01
278,,South West,155,E54000055,1940-07-01
279,,,46,E54000008,1904-03-01
280,,,455,E54000024,1975-11-01
281,,West Midlands,542,E54000041,1941-01-01
282,,East Midlands,850,E54000088,1909-08-01
283,,North West,536,E54000073,1984-06-01
284,,South East,642,E54000026,1948-02-01
285,,,848,E54000031,1946-11-01
286,,,533,E54000096,1933-03-01
287,,London,821,E54000093,1921-10-01
288,,Yorkshire and The Humber,55,E54000096,1931-11-01
289,,North East,209,E54000091,2005-11-01
290,,,560,E54000018,2007-09-01
291,,East,926,E54000084,1992-08-01
292,,London,293,E54000036,1957-03-01
293,,West Midlands,630,E54000098,2021-02-01
294,,,561,E54000027,1962-10-01
295,,West Midlands,446,E54000006,2016-10-01
296,,,93,E54000058,1995-03-01
297,,Yorkshire and The Humber,64,E54000088,2019-05-01
298,,North East,276,E54000033,1942-01-01
299,,West Midlands,549,E54000053,1924-06-01
300,,West Midlands,152,E54000043,1970-01-01
301,,,773,E54000018,1995-08-01
302,,Yorkshire and The Humber,596,E54000016,1910-09-01
303,,London,382,E54000089,1969-09-01
304,,East,108,E54000026,1923-02-01
305,,,86,E54000014,1999-09-01
306,,West Midlands,303,E54000032,2021-12-01
307,,West Midlands,926,E54000006,2012-11-01
308,,South West,894,E54000052,1912-01-01
309,,South West,543,E54000015,1941-04-01
310,,,287,E54000052,1923-03-01
311,,,718,E54000054,1926-08-01
312,,Yorkshire and The Humber,895,E54000017,1978-09-01
313,,South East,271,E54000031,1955-07-01
314,,West Midlands,3,E54000033,1909-03-01
315,,Yorkshire and The Humber,284,E54000029,1974-04-01
316,,East,942,E54000067,1921-08-01
317,,West Midlands,613,E54000036,1998-07-01
318,,South East,815,E54000029,1969-02-01
319,,South West,946,E54000000,1970-02-01
320,,East,947,E54000052,2000-11-01
321,,London,972,E54000001,2012-07-01
322,,West Midlands,994,E54000039,2017-03-01
323,,South West,656,E54000021,1928-11-01
324,,London,698,E54000069,1911-07-01
325,,East Midlands,11,E54000073,1942-10-01
326,,London,96,E54000094,1934-04-01
327,,,674,E54000084,1999-04-01
328,,West Midlands,417,E54000088,1936-12-01
329,,Yorkshire and The Humber,572,E54000041,2007-01-01
330,,London,483,E54000011,1956-03-01
331,,East,344,E54000008,1903-10-01
332,,West Midlands,590,E54000050,1921-07-01
333,,North West,699,E54000028,1948-09-01
334,,North West,343,E54000086,1933-12-01
335,,Yorkshire and The Humber,707,E54000068,1909-01-01
336,,East,280,E54000024,1911-01-01
337,,South West,137,E54000070,1911-10-01
338,,South East,445,E54000013,1997-03-01
339,,London,912,E54000042,2008-09-01
340,,North West,81,E54000092,1959-12-01
341,,,225,E54000079,1923-01-01
342,,South West,982,E54000038,1942-10-01
343,,Yorkshire and The Humber,123,E54000084,1943-11-01
344,,,971,E54000015,1922-05-01
345,,South East,582,E54000042,1910-11-01
346,,North East,567,E54000061,2019-02-01
347,,London,642,E54000040,1921-06-01
348,,North West,673,E54000001,2014-09-01
349,,South West,444,E54000013,1980-05-01
350,,London,265,E54000008,1934-12-01
351,,,241,E54000000,1923-01-01
352,,,663,E54000016,1930-08-01
353,,,265,E54000026,1909-06-01
354,,East,63,E54000032,1924-05-01
355,,,487,E54000019,1964-07-01
356,,East,866,E54000058,1937-09-01
357,,London,344,E54000058,1985-10-01
358,,,804,E54000094,1987-09-01
359,,,688,E54000073,2014-07-01
360,,South West,68,E54000093,2018-11-01
361,,,713,E54000020,1915-05-01
362,,,694,E54000040,2020-05-01
363,,,701,E54000090,1944-02-01
364,,West Midlands,467,E54000072,1904-12-01
365,,North East,18,E54000034,1949-05-01
366,,North West,746,E54000019,1941-12-01
367,,,478,E54000092,1970-04-01
369,,South West,552,E54000004,1904-08-01
370,,North East,603,E54000002,2011-03-01
371,,North West,311,E54000028,1981-06-01
372,,Yorkshire and The Humber,318,E54000061,1980-05-01
373,,North West,252,E54000040,1944-12-01
374,,,393,E54000031,2006-03-01
375,,Yorkshire and The Humber,93,E54000030,1929-07-01
376,,,876,E54000089,1966-05-01
377,,West Midlands,547,E54000023,2001-02-01
378,,East,334,E54000044,1962-01-01
379,,South East,162,E54000041,1916-07-01
380,,Yorkshire and The Humber,462,E54000054,1978-09-01
381,,East,31,E54000018,1952-06-01
382,,,103,E54000069,1928-11-01
383,,,96,E54000082,1926-06-01
385,,London,344,E54000084,2017-08-01
386,,East,152,E54000036,1977-03-01
387,,,489,E54000046,1967-05-01
388,,,887,E54000008,1917-04-01
389,,East,331,E54000080,2021-11-01
390,,London,588,E54000013,1982-05-01
391,,South West,718,E54000053,1994-06-01
392,,North East,848,E54000061,1962-09-01
393,,London,939,E54000073,1945-05-01
394,,South East,892,E54000020,1913-12-01
395,,,864,E54000000,1957-04-01
396,,West Midlands,688,E54000001,1921-05-01
397,,,943,E54000052,2022-08-01
398,,South East,534,E54000011,2003-10-01
399,,,834,E54000008,2023-08-01
400,,West Midlands,278,E54000049,1938-07-01
401,,South West,445,E54000036,1972-03-01
402,,East,166,E54000016,1970-02-01
403,,South East,370,E54000062,1962-09-01
404,,,123,E54000074,2005-07-01
405,,West Midlands,619,E54000034,1951-04-01
406,,North West,222,E54000000,1998-12-01
407,,South West,511,E54000006,2013-01-01
408,,,847,E54000085,1919-05-01
409,,South West,943,E54000065,1929-11-01
410,,,700,E54000034,1981-07-01
411,,,619,E54000074,1904-11-01
412,,,559,E54000066,1963-08-01
413,,South West,311,E54000095,1969-09-01
414,,,57,E54000089,1972-09-01
415,,,420,E54000085,2008-07-01
416,,South East,956,E54000035,1966-04-01
417,,North West,583,E54000059,1908-05-01
418,,,687,E54000022,2023-04-01
419,,North West,498,E54000081,1905-03-01
420,,South East,6,E54000072,2013-04-01
421,,West Midlands,258,E54000089,2023-09-01
422,,East Midlands,576,E54000062,2013-06-01
423,,South West,697,E54000099,1952-03-01
424,,,247,E54000041,2023-04-01
425,,,402,E54000071,1981-10-01
426,,West Midlands,78,E54000039,1912-06-01
427,,East,256,E54000089,1988-07-01
428,,East,384,E54000098,1960-09-01
429,,South West,434,E54000045,1999-01-01
430,,West Midlands,193,E54000093,2022-10-01
431,,North West,462,E54000079,1910-07-01
432,,,31,E54000038,1928-05-01
433,,North East,550,E54000031,1924-09-01
434,,,703,E54000053,1999-09-01
435,,Yorkshire and The Humber,396,E54000030,2007-06-01
436,,,378,E54000055,2012-09-01
437,,North West,574,E54000062,1938-04-01
438,,East,356,E54000094,1939-12-01
439,,West Midlands,402,E54000054,2014-02-01
440,,Yorkshire and The Humber,415,E54000076,2014-07-01
441,,West Midlands,980,E54000076,1919-08-01
442,,South East,889,E54000014,1999-04-01
443,,South East,789,E54000092,1995-05-01
444,,South West,702,E54000012,1982-07-01
445,,South East,952,E54000058,2013-05-01
446,,North East,155,E54000009,1983-03-01
447,,South East,614,E54000078,1913-01-01
448,,West Midlands,418,E54000064,1964-06-01
449,,South East,206,E54000017,1936-07-01
450,,Yorkshire and The Humber,156,E54000030,2014-06-01
451,,,977,E54000043,1968-04-01
452,,East Midlands,633,E54000023,1919-02-01
453,,North East,787,E54000042,2013-09-01
454,,North West,644,E54000025,1954-10-01
455,,East,258,E54000008,1985-06-01
456,,North West,182,E54000025,1964-02-01
457,,London,711,E54000099,1915-04-01
458,,South East,216,E54000090,1916-11-01
459,,London,696,E54000068,1998-06-01
460,,London,378,E54000005,1958-01-01
461,,,646,E54000017,1946-02-01
462,,West Midlands,543,E54000077,1954-05-01
463,,,477,E54000013,2017-01-01
464,,South East,804,E54000087,1949-01-01
465,,,664,E54000015,1932-10-01
466,,North West,109,E54000055,2022-07-01
467,,,982,E54000008,1925-01-01
468,,East,855,E54000058,2022-09-01
469,,West Midlands,745,E54000067,1996-07-01
470,,North West,301,E54000066,1998-12-01
471,,,803,E54000056,1962-10-01
472,,Yorkshire and The Humber,538,E54000080,2016-04-01
473,,South East,247,E54000047,1958-08-01
474,,,997,E54000039,1924-01-01
475,,Yorkshire and The Humber,639,E54000067,1909-07-01
476,,South East,405,E54000082,1972-01-01
477,,East,820,E54000029,1967-04-01
478,,London,120,E54000056,2007-09-01
479,,Yorkshire and The Humber,58,E54000084,1943-10-01
480,,,669,E54000000,1996-03-01
481,,South West,679,E54000033,1906-04-01
482,,East Midlands,788,E54000016,1998-09-01
483,,North West,498,E54000092,2022-10-01
484,,East,870,E54000024,1953-01-01
485,,,114,E54000075,2018-06-01
486,,North West,61,E54000072,2017-03-01
487,,West Midlands,950,E54000075,1947-11-01
488,,,495,E54000059,1951-04-01
489,,,104,E54000060,1968-03-01
490,,London,378,E54000088,1997-09-01
491,,North East,931,E54000028,2019-06-01
493,,East,855,E54000035,1982-02-01
494,,,967,E54000059,1999-08-01
495,,Yorkshire and The Humber,124,E54000070,1994-08-01
496,,,380,E54000044,1927-09-01
497,,South East,403,E54000022,2009-03-01
498,,London,961,E54000035,1949-01-01
499,,North East,712,E54000009,1971-08-01
500,,West Midlands,509,E54000098,1928-09-01
501,,East Midlands,563,E54000042,1934-03-01
502,,West Midlands,927,E54000053,1971-02-01
503,,North East,974,E54000000,2003-04-01
504,,South West,95,E54000089,2010-10-01
505,,Yorkshire and The Humber,728,E54000096,1959-02-01
506,,South East,264,E54000058,1929-08-01
507,,North West,804,E54000036,1963-09-01
508,,South West,227,E54000033,1943-03-01
509,,London,783,E54000071,1960-11-01
510,,North West,483,E54000078,1984-06-01
511,,,596,E54000091,1944-09-01
